ID,Shareholder Name,Share %,Shares Held,Share Class
1,Dr. Rajesh Naidoo,18.0,"180,000",Ordinary
2,Cedar Health Holdings (Pty) Ltd,15.0,"150,000",Ordinary
3,Dr. Johan van der Merwe,12.0,"120,000",Ordinary
4,Reddy Family Trust,11.0,"110,000",Ordinary
5,Thabo Molefe,10.0,"100,000",Ordinary
6,Sarah Botha,9.0,"90,000",Ordinary
7,Dr. Ahmed Kara,8.0,"80,000",Preferential
8,Naledi Zulu,7.0,"70,000",Ordinary
9,Michael Roberts,6.0,"60,000",Ordinary
10,Dr. Vikram Chetty,4.0,"40,000",Preferential
